job title,job_type,company,location,Experience Needed:,Career Level:,Education Level:,Salary:,Job Categories:,skills and tools,Job,skills
Senior AI Engineer,Full Time,Softec Technologies,"Maadi, Cairo",'3 to 5 years','Experienced (Non-Manager)',"""Bachelor's Degree""",'Confidential',"'IT/Software Development', 'Engineering - Telecom/Technology'","['Development', 'Artificial Intelligence', 'Artificial Intelligence', 'English']",AI Engineer,"['Development', 'Artificial Intelligence', 'Artificial Intelligence', 'English']"
AI & Social Media Expert - CPM,Full Time,Etisalat Misr,"Cairo, Egypt",'More than 8 years','Experienced (Non-Manager)',"""Bachelor's Degree""",'Confidential',"'IT/Software Development', 'Marketing/PR/Advertising', 'Engineering - Telecom/Technology'",['English'],AI Engineer,['English']
AI Software Engineer (Computer Vision Operation Engineer),Full Time,Tahaluf Al Emarat Technical Solutions,"Cairo, Egypt",'More than 5 years','Experienced (Non-Manager)',"""Bachelor's Degree""","'Confidential, Job is Remotely from our Office in Egypt'","'Operations/Management', 'IT/Software Development', 'Engineering - Telecom/Technology'","['Kubernetes', 'Linux OS', 'Docker', 'Artificial Intelligence', 'Artificial Intelligence', 'DevOps']",AI Engineer,"['Kubernetes', 'Linux OS', 'Docker', 'Artificial Intelligence', 'Artificial Intelligence', 'DevOps']"
AI/BI Intern,Internship,Easy System,"Cairo, Egypt",'Not Specified','Entry Level (Junior Level / Fresh Grad)','Not Specified','paid',"'IT/Software Development', 'Engineering - Telecom/Technology'","['Artificial Intelligence', 'Artificial Intelligence', 'Cloud Computing', 'Azure DevOps Server', 'Power BI']",AI Engineer,"['Artificial Intelligence', 'Artificial Intelligence', 'Cloud Computing', 'Azure DevOps Server', 'Power BI']"
Embedded Software Engineer,Full Time,Tahaluf Al Emarat Technical Solutions,"Cairo, Egypt",'More than 2 years','Experienced (Non-Manager)',"""Bachelor's Degree""","'Confidential, Working remotely with Abu Dhabi HQ'","'IT/Software Development', 'Engineering - Telecom/Technology'","['Embedded System', 'Development', 'Linux OS', 'Artificial Intelligence']",AI Engineer,"['Embedded System', 'Development', 'Linux OS', 'Artificial Intelligence']"
Coding Coach,Part Time,iSchool,"Nasr City, Cairo",'1 to 3 years','Entry Level (Junior Level / Fresh Grad)',"""Bachelor's Degree""",'Confidential',"'Training/Instructor', 'IT/Software Development'","['OOP', 'Andriod programming', 'c#', 'PHP Web Programming', 'flutter', 'c', 'Power BI', 'Power BI', 'Java', 'PHP Web Programming', 'python', 'JavaScript', 'Artificial Intelligence', 'Microsoft Programs', 'C++', 'Power BI', 'HTML', 'Ed-tech', 'augmented reality']",AI Engineer,"['OOP', 'Andriod programming', 'c#', 'PHP Web Programming', 'flutter', 'c', 'Power BI', 'Power BI', 'Java', 'PHP Web Programming', 'python', 'JavaScript', 'Artificial Intelligence', 'Microsoft Programs', 'C++', 'Power BI', 'HTML', 'Ed-tech', 'augmented reality']"
Unity Instructor,Full Time,iSchool,"Nasr City, Cairo",'1 to 3 years','Entry Level (Junior Level / Fresh Grad)',"""Bachelor's Degree""",'Confidential',"'Training/Instructor', 'Education/Teaching', 'IT/Software Development'","['OOP', 'Andriod programming', 'c#', 'PHP Web Programming', 'flutter', 'c', 'Power BI', 'Power BI', 'Java', 'PHP Web Programming', 'python', 'JavaScript', 'Artificial Intelligence', 'Microsoft Programs', 'C++', 'Power BI', 'HTML', 'Ed-tech', 'augmented reality']",AI Engineer,"['OOP', 'Andriod programming', 'c#', 'PHP Web Programming', 'flutter', 'c', 'Power BI', 'Power BI', 'Java', 'PHP Web Programming', 'python', 'JavaScript', 'Artificial Intelligence', 'Microsoft Programs', 'C++', 'Power BI', 'HTML', 'Ed-tech', 'augmented reality']"
Computer Science/Coach,Full Time,iSchool,"Nasr City, Cairo",'1 to 3 years','Entry Level (Junior Level / Fresh Grad)',"""Bachelor's Degree""",'Confidential',"'Training/Instructor', 'Education/Teaching', 'IT/Software Development'","['OOP', 'Andriod programming', 'c#', 'PHP Web Programming', 'flutter', 'c', 'Power BI', 'Power BI', 'Java', 'PHP Web Programming', 'python', 'JavaScript', 'Artificial Intelligence', 'Microsoft Programs', 'C++', 'Power BI', 'HTML', 'Ed-tech', 'augmented reality']",AI Engineer,"['OOP', 'Andriod programming', 'c#', 'PHP Web Programming', 'flutter', 'c', 'Power BI', 'Power BI', 'Java', 'PHP Web Programming', 'python', 'JavaScript', 'Artificial Intelligence', 'Microsoft Programs', 'C++', 'Power BI', 'HTML', 'Ed-tech', 'augmented reality']"
Computer Science Coach - Part Time,Part Time,iSchool,"Nasr City, Cairo",'1 to 3 years','Entry Level (Junior Level / Fresh Grad)',"""Bachelor's Degree""",'Confidential',"'Training/Instructor', 'Education/Teaching', 'IT/Software Development'","['OOP', 'Andriod programming', 'c#', 'PHP Web Programming', 'flutter', 'c', 'Power BI', 'Power BI', 'Java', 'PHP Web Programming', 'python', 'JavaScript', 'Artificial Intelligence', 'Microsoft Programs', 'C++', 'Power BI', 'HTML', 'Ed-tech', 'augmented reality']",AI Engineer,"['OOP', 'Andriod programming', 'c#', 'PHP Web Programming', 'flutter', 'c', 'Power BI', 'Power BI', 'Java', 'PHP Web Programming', 'python', 'JavaScript', 'Artificial Intelligence', 'Microsoft Programs', 'C++', 'Power BI', 'HTML', 'Ed-tech', 'augmented reality']"
Coding Content Developer,Full Time,iSchool,"Nasr City, Cairo",'1 to 4 years','Entry Level (Junior Level / Fresh Grad)',"""Bachelor's Degree""",'Confidential',"'Writing/Editorial', 'IT/Software Development', 'Education/Teaching'","['OOP', 'Andriod programming', 'c#', 'PHP Web Programming', 'flutter', 'c', 'Power BI', 'Power BI', 'Java', 'PHP Web Programming', 'python', 'JavaScript', 'Artificial Intelligence', 'Microsoft Programs', 'C++', 'Power BI', 'HTML', 'Ed-tech', 'augmented reality']",AI Engineer,"['OOP', 'Andriod programming', 'c#', 'PHP Web Programming', 'flutter', 'c', 'Power BI', 'Power BI', 'Java', 'PHP Web Programming', 'python', 'JavaScript', 'Artificial Intelligence', 'Microsoft Programs', 'C++', 'Power BI', 'HTML', 'Ed-tech', 'augmented reality']"
Chat-bot Developer,Full Time,Hakaya,"Riyadh, Saudi Arabia",'2 to 5 years','Experienced (Non-Manager)',"""Bachelor's Degree""",'Confidential',"'IT/Software Development', 'Engineering - Telecom/Technology'","['Artificial Intelligence', 'python', 'chatbot', 'REST', 'JSON', 'English']",AI Engineer,"['Artificial Intelligence', 'python', 'chatbot', 'REST', 'JSON', 'English']"
chat-bot Developer - India,Full Time,Hakaya,"New Delhi, India",'2 to 5 years','Experienced (Non-Manager)',"""Bachelor's Degree""",'Confidential',"'IT/Software Development', 'Engineering - Telecom/Technology'","['Artificial Intelligence', 'python', 'chatbot', 'REST', 'English']",AI Engineer,"['Artificial Intelligence', 'python', 'chatbot', 'REST', 'English']"
Cloud Security Engineer,Full Time,Softec Technologies,"Cairo, Egypt",'More than 5 years','Experienced (Non-Manager)',"""Bachelor's Degree""",'Confidential',"'IT/Software Development', 'Engineering - Telecom/Technology'","['python', 'Linux OS', 'Azure DevOps Server', 'Cloud Computing']",AI Engineer,"['python', 'Linux OS', 'Azure DevOps Server', 'Cloud Computing']"
C++ Software Engineer,Full Time,Atomica,"Cairo, Egypt",'More than 1 year','Entry Level (Junior Level / Fresh Grad)',"""Bachelor's Degree""",'Confidential',"'IT/Software Development', 'Engineering - Telecom/Technology'","['Git', 'Qt', 'API', 'C', 'CUDA', 'GPU Programming', 'Mathematics', 'Algorithm', 'C++']",AI Engineer,"['Git', 'Qt', 'API', 'C', 'CUDA', 'GPU Programming', 'Mathematics', 'Algorithm', 'C++']"
Data Scientist/ML Engineer,Full Time,TMentors,"Maadi, Cairo",'1 to 3 years','Entry Level (Junior Level / Fresh Grad)',"""Bachelor's Degree""",'10000 to 12000 EGP Per Month',"'IT/Software Development', 'Engineering - Telecom/Technology'","['python', 'Data Science', 'Statistics', 'SQL', 'ETL', 'Mathematics', 'Machine Learning', 'Cloud Computing', 'Deep Learning', 'Artificial Intelligence', 'Deep Learning Framework', 'Hadoop', 'Data Wrangling', 'Deep Neural Network (DNN)']",AI Engineer,"['python', 'Data Science', 'Statistics', 'SQL', 'ETL', 'Mathematics', 'Machine Learning', 'Cloud Computing', 'Deep Learning', 'Artificial Intelligence', 'Deep Learning Framework', 'Hadoop', 'Data Wrangling', 'Deep Neural Network (DNN)']"
Senior Machine Learning Engineer - Giza,Full Time,AFKAR Technology,"Giza, Egypt",'More than 3 years','Experienced (Non-Manager)',"""Bachelor's Degree""",'Confidential',"'IT/Software Development', 'Engineering - Telecom/Technology'","['Machine Learning', 'python', 'TensorFlow', 'Statistics', 'SQL', 'NLP', 'Computer Vision']",AI Engineer,"['Machine Learning', 'python', 'TensorFlow', 'Statistics', 'SQL', 'NLP', 'Computer Vision']"
Outdoor Technical Sales Engineer,Full Time,ManEx Systems,"6th of October, Giza",'1 to 3 years','Entry Level (Junior Level / Fresh Grad)',"""Bachelor's Degree""","'Confidential, Commission, Transportation and Bonus are included'","'Engineering - Mechanical/Electrical', 'Sales/Retail'",['Mechatronics'],AI Engineer,['Mechatronics']
Junior Backend Engineer,Full Time,LxT,"Mohandessin, Giza",'0 to 2 years','Entry Level (Junior Level / Fresh Grad)',"""Bachelor's Degree""",'Confidential',"'IT/Software Development', 'Engineering - Telecom/Technology'","['Flask', 'Django', 'python', 'Amazon Web Services', 'NoSQL', 'Agile', 'GCP', 'Artificial Intelligence', 'Azure DevOps Server']",AI Engineer,"['Flask', 'Django', 'python', 'Amazon Web Services', 'NoSQL', 'Agile', 'GCP', 'Artificial Intelligence', 'Azure DevOps Server']"
C++ Software Engineer - Computer Vision,Internship,360Imaging,"Dokki, Giza",'0 to 1 year','Entry Level (Junior Level / Fresh Grad)',"""Bachelor's Degree""",'paid',"'IT/Software Development', 'Engineering - Telecom/Technology'","['Image Processing', 'Git', 'C', 'CUDA', 'Linear Algebra', 'Matlab', 'Artificial Intelligence', 'Computer Vision', 'Mathematics', 'C++']",AI Engineer,"['Image Processing', 'Git', 'C', 'CUDA', 'Linear Algebra', 'Matlab', 'Artificial Intelligence', 'Computer Vision', 'Mathematics', 'C++']"
C++ Computer Graphics Engineer,Full Time,Atomica,"Cairo, Egypt",'More than 1 year','Entry Level (Junior Level / Fresh Grad)',"""Bachelor's Degree""",'Confidential',"'IT/Software Development', 'Engineering - Telecom/Technology', 'Creative/Design/Art'","['HLSL', 'CUDA', 'Mathematics', 'Algorithm', 'Git', 'API', 'OpenCL', 'OpenGL', 'GPU Programming', 'C++', 'C', 'API']",AI Engineer,"['HLSL', 'CUDA', 'Mathematics', 'Algorithm', 'Git', 'API', 'OpenCL', 'OpenGL', 'GPU Programming', 'C++', 'C', 'API']"
Backend Senior Software Engineer,Full Time,Gemssy Technologies S.L.,"Bilbao, Spain",'5 to 20 years','Experienced (Non-Manager)',"""Bachelor's Degree""",'35000 to 70000 EUR Per Year',"'IT/Software Development', 'Engineering - Telecom/Technology'","['NodeJS', 'Artificial Intelligence', 'NodeJS', 'Agile', 'English', 'Back-End Development']",AI Engineer,"['NodeJS', 'Artificial Intelligence', 'NodeJS', 'Agile', 'English', 'Back-End Development']"
C++ Software Engineering Intern,Internship,Atomica,"Cairo, Egypt",'0 to 1 year','Entry Level (Junior Level / Fresh Grad)',"""Bachelor's Degree""",'paid',"'IT/Software Development', 'Engineering - Telecom/Technology'","['Image Processing', 'CUDA', 'Linear Algebra', 'Mathematics', 'Algorithm', 'Computational Geometry', 'Git', 'Qt', 'API', 'OpenGL', 'Algorithm', 'GPU Programming', 'C++', 'C', 'API']",AI Engineer,"['Image Processing', 'CUDA', 'Linear Algebra', 'Mathematics', 'Algorithm', 'Computational Geometry', 'Git', 'Qt', 'API', 'OpenGL', 'Algorithm', 'GPU Programming', 'C++', 'C', 'API']"
Robotics Engineer Instructor (For Kids),Full Time,Edu-Zone,"New Cairo, Cairo",'0 to 3 years','Entry Level (Junior Level / Fresh Grad)',"""Bachelor's Degree""",'4000 to 5000 EGP Per Month',"'Training/Instructor', 'IT/Software Development', 'Engineering - Telecom/Technology'","['English', 'Electronics Engineering', 'Mechatronics', 'Mechanical Engineering', 'Arduino']",AI Engineer,"['English', 'Electronics Engineering', 'Mechatronics', 'Mechanical Engineering', 'Arduino']"
Computer Vision Engineer,Full Time,Atomica,"Cairo, Egypt",'1 to 10 years','Entry Level (Junior Level / Fresh Grad)',"""Bachelor's Degree""",'Confidential',"'IT/Software Development', 'Engineering - Telecom/Technology'","['Image Processing', 'python', 'CUDA', 'Linear Algebra', 'Mathematics', 'PyTorch', 'GPU computing', 'Computational Geometry', 'Cloud Computing', 'Deep Learning', 'Git', 'Computer Vision', 'Deep Learning Framework', 'C++', 'TensorFlow']",AI Engineer,"['Image Processing', 'python', 'CUDA', 'Linear Algebra', 'Mathematics', 'PyTorch', 'GPU computing', 'Computational Geometry', 'Cloud Computing', 'Deep Learning', 'Git', 'Computer Vision', 'Deep Learning Framework', 'C++', 'TensorFlow']"
Software Automation Test Engineer,Full Time,Atomica,"Cairo, Egypt",'More than 2 years','Experienced (Non-Manager)',"""Bachelor's Degree""",'Confidential',"'Quality', 'IT/Software Development', 'Engineering - Telecom/Technology'",['API'],AI Engineer,['API']
Azure Devops Engineer (Project Based),Freelance / Project,skora tech,"Cairo, Egypt",'More than 4 years','Experienced (Non-Manager)',"""Bachelor's Degree""",'Confidential',"'IT/Software Development', 'Engineering - Telecom/Technology'","['Microservices', 'Spring Boot', 'Jenkins', 'React', 'Deployment', 'Azure DevOps Server', 'Docker', 'Cloud Computing', 'Git', 'Kubernetes', 'JSON', 'DevOps', 'Cloud Computing', 'Azure DevOps Server', 'Azure DevOps Server']",AI Engineer,"['Microservices', 'Spring Boot', 'Jenkins', 'React', 'Deployment', 'Azure DevOps Server', 'Docker', 'Cloud Computing', 'Git', 'Kubernetes', 'JSON', 'DevOps', 'Cloud Computing', 'Azure DevOps Server', 'Azure DevOps Server']"
Azure Devops Engineer,Full Time,skora tech,"Cairo, Egypt",'More than 4 years','Experienced (Non-Manager)',"""Bachelor's Degree""",'Confidential',"'IT/Software Development', 'Engineering - Telecom/Technology'","['Microservices', 'Spring Boot', 'Jenkins', 'React', 'Deployment', 'Azure DevOps Server', 'Docker', 'Cloud Computing', 'Git', 'Kubernetes', 'JSON', 'DevOps', 'Cloud Computing', 'Azure DevOps Server', 'Azure DevOps Server']",AI Engineer,"['Microservices', 'Spring Boot', 'Jenkins', 'React', 'Deployment', 'Azure DevOps Server', 'Docker', 'Cloud Computing', 'Git', 'Kubernetes', 'JSON', 'DevOps', 'Cloud Computing', 'Azure DevOps Server', 'Azure DevOps Server']"
Engineering /Robotics/Coding Facilitator (For Kids),Full Time,Edu-Zone,"New Cairo, Cairo",'0 to 3 years','Entry Level (Junior Level / Fresh Grad)',"""Bachelor's Degree""",'4000 to 5000 EGP Per Month',"'Training/Instructor', 'IT/Software Development', 'Engineering - Telecom/Technology'",['English'],AI Engineer,['English']
Web Development Team Lead,Full Time,Trufla,"Heliopolis, Cairo",'More than 5 years','Manager ',"""Bachelor's Degree""",'Confidential',"'IT/Software Development', 'Engineering - Telecom/Technology'","['laravel', 'GIT', 'PHP Web Programming', 'Angular', 'Agile', 'jira', 'Docker', 'HTML5', 'Bootstrap', 'javaScript', 'Sass']",AI Engineer,"['laravel', 'GIT', 'PHP Web Programming', 'Angular', 'Agile', 'jira', 'Docker', 'HTML5', 'Bootstrap', 'javaScript', 'Sass']"
HR Manager - Tech,Full Time,Atomica,"Cairo, Egypt",'More than 8 years','Manager ',"""Bachelor's Degree""",'Confidential','Human Resources',[],AI Engineer,[]
Senior Vue.js Developer,Full Time,Evolvice GmbH,"Maadi, Cairo",'6 to 15 years','Experienced (Non-Manager)',"""Bachelor's Degree""",'Confidential',"'IT/Software Development', 'Engineering - Telecom/Technology'","['Angular', 'Agile', 'NodeJS', 'Sass', 'CSS', 'JavaScript', 'Java']",AI Engineer,"['Angular', 'Agile', 'NodeJS', 'Sass', 'CSS', 'JavaScript', 'Java']"
Staff Data Scientist,Full Time,Nana,"Sheraton, Cairo",'5 to 8 years','Experienced (Non-Manager)','Not Specified','Confidential',"'Analyst/Research', 'IT/Software Development', 'Engineering - Telecom/Technology'","['Machine Learning', 'Development', 'Data']",AI Engineer,"['Machine Learning', 'Development', 'Data']"
Odoo Developer,Full Time,beetleware,"Sheraton, Cairo",'2 to 4 years','Experienced (Non-Manager)',"""Bachelor's Degree""",'Confidential',"'IT/Software Development', 'Engineering - Telecom/Technology'","['python', 'PostgreSQL', 'Github', 'English']",AI Engineer,"['python', 'PostgreSQL', 'Github', 'English']"
Technical Recruiter,Full Time,Atomica,"Cairo, Egypt",'More than 2 years','Experienced (Non-Manager)',"""Bachelor's Degree""",'Confidential','Human Resources',[],AI Engineer,[]
Data Analyst Intern,Internship,TMentors,"Maadi, Cairo",'Not Specified','Entry Level (Junior Level / Fresh Grad)',"""Bachelor's Degree""",'3000 to 5000 EGP Per Month',"'Analyst/Research', 'IT/Software Development', 'Engineering - Telecom/Technology'","['Analytical Skills', 'Data Science', 'Analytical Skills', 'SQL', 'Power BI', 'ETL']",AI Engineer,"['Analytical Skills', 'Data Science', 'Analytical Skills', 'SQL', 'Power BI', 'ETL']"
Senior Data Scientist,Full Time,Nana,"Sheraton, Cairo",'3 to 6 years','Experienced (Non-Manager)',"""Bachelor's Degree""",'Confidential',"'Analyst/Research', 'IT/Software Development', 'Engineering - Telecom/Technology'","['R', 'Machine Learning', 'python', 'Cloud Computing', 'Mathematics']",AI Engineer,"['R', 'Machine Learning', 'python', 'Cloud Computing', 'Mathematics']"
Testing Team Leader,Full Time,Atomica,"Cairo, Egypt",'More than 5 years','Manager ',"""Bachelor's Degree""",'Confidential',"'Quality', 'IT/Software Development', 'Engineering - Telecom/Technology'","['python', 'Agile', 'Design Patterns']",AI Engineer,"['python', 'Agile', 'Design Patterns']"
Senior Solution Architect,Full Time,ITS ,"Cairo, Egypt",'12 to 15 years','Experienced (Non-Manager)',"""Bachelor's Degree""",'30000 to 45000 EGP Per Month',"'Banking', 'IT/Software Development', 'Engineering - Telecom/Technology'",[],AI Engineer,[]
Product Owner,Full Time,LxT,"Mohandessin, Giza",'5 to 7 years','Experienced (Non-Manager)',"""Bachelor's Degree""",'Confidential',"'IT/Software Development', 'Engineering - Telecom/Technology', 'Project/Program Management'",['Agile'],AI Engineer,['Agile']
Senior Full Stack Developer,Full Time,Trufla,"Heliopolis, Cairo",'5 to 7 years','Experienced (Non-Manager)',"""Bachelor's Degree""",'Confidential',"'IT/Software Development', 'Engineering - Telecom/Technology'","['PHP Web Programming', 'Angular', 'Agile', 'Linux OS', 'HTML5', 'Git', 'Bootstrap', 'JavaScript', 'Laravel']",AI Engineer,"['PHP Web Programming', 'Angular', 'Agile', 'Linux OS', 'HTML5', 'Git', 'Bootstrap', 'JavaScript', 'Laravel']"
Machine Learning Operations Engineer,Full Time,Tahaluf Al Emarat Technical Solutions,"Cairo, Egypt",'More than 3 years','Experienced (Non-Manager)',"""Bachelor's Degree""",'Confidential',"'IT/Software Development', 'Engineering - Telecom/Technology'","['Machine Learning', 'python', 'TensorFlow', 'Design Patterns', 'Computer Vision', 'C++']",AI Engineer,"['Machine Learning', 'python', 'TensorFlow', 'Design Patterns', 'Computer Vision', 'C++']"
Big Data Consultant,Full Time,Fingerprint consultancy,"Cairo, Egypt",'More than 3 years','Experienced (Non-Manager)',"""Bachelor's Degree""","'Confidential, Social Insurance / Medical Insurance'","'Engineering - Other', 'IT/Software Development', 'Engineering - Telecom/Technology'","['python', 'NoSQL', 'Apache Spark', 'Java', 'Big Data', 'Spark', 'ETL', 'Hive', 'Hadoop']",AI Engineer,"['python', 'NoSQL', 'Apache Spark', 'Java', 'Big Data', 'Spark', 'ETL', 'Hive', 'Hadoop']"
Graduate Research Intern,Internship,360Imaging,"Dokki, Giza",'0 to 1 year','Student (Undergrad / Postgrad)',"""Bachelor's Degree""",'paid',"'IT/Software Development', 'Engineering - Telecom/Technology'","['Image Processing', 'PyTorch', 'Machine Learning', 'C', 'Linear Algebra', 'Computational Geometry', 'Artificial Intelligence', 'Computer Vision', 'C++']",AI Engineer,"['Image Processing', 'PyTorch', 'Machine Learning', 'C', 'Linear Algebra', 'Computational Geometry', 'Artificial Intelligence', 'Computer Vision', 'C++']"
C++ Instructor,Full Time,Atomica,"Cairo, Egypt",'More than 1 year','Entry Level (Junior Level / Fresh Grad)',"""Bachelor's Degree""",'Confidential',"'IT/Software Development', 'Engineering - Telecom/Technology'","['Git', 'Qt', 'C', 'CUDA', 'GPU Programming', 'Mathematics', 'Algorithm', 'C++']",AI Engineer,"['Git', 'Qt', 'C', 'CUDA', 'GPU Programming', 'Mathematics', 'Algorithm', 'C++']"
Computer Science Instructor (For Kids),Full Time,Edu-Zone,"New Cairo, Cairo",'0 to 3 years','Entry Level (Junior Level / Fresh Grad)',"""Bachelor's Degree""",'Confidential',"'Training/Instructor', 'IT/Software Development', 'Engineering - Telecom/Technology'","['English', 'Andriod programming', 'Mechatronics', 'Design Patterns', 'Mechanical Engineering']",AI Engineer,"['English', 'Andriod programming', 'Mechatronics', 'Design Patterns', 'Mechanical Engineering']"
Full Stack Technical Lead,Full Time,RDI,"Dokki, Giza",'More than 8 years','Experienced (Non-Manager)',"""Bachelor's Degree""",'Confidential',"'IT/Software Development', 'Engineering - Telecom/Technology'","['Flask', 'Django', 'python', 'Angular', 'Full Stack Developement', 'JavaScript', 'Spring Boot']",AI Engineer,"['Flask', 'Django', 'python', 'Angular', 'Full Stack Developement', 'JavaScript', 'Spring Boot']"
C++ Developer (QT QML),Full Time,Atomica,"Cairo, Egypt",'More than 1 year','Entry Level (Junior Level / Fresh Grad)',"""Bachelor's Degree""",'Confidential',"'IT/Software Development', 'Engineering - Telecom/Technology'","['Qt', 'Qt5', 'Algorithm', 'C++']",AI Engineer,"['Qt', 'Qt5', 'Algorithm', 'C++']"
Product Designer - UI/UX,Full Time,Atomica,"Cairo, Egypt",'More than 5 years','Experienced (Non-Manager)',"""Bachelor's Degree""",'Confidential',"'IT/Software Development', 'Engineering - Telecom/Technology', 'Creative/Design/Art'","['Design Patterns', 'Power BI']",AI Engineer,"['Design Patterns', 'Power BI']"
Senior Business Analyst,Full Time,GS1,"Heliopolis, Cairo",'More than 4 years','Experienced (Non-Manager)',"""Bachelor's Degree""",'Confidential',"'Analyst/Research', 'IT/Software Development', 'Engineering - Telecom/Technology'","['Analytical Skills', 'Design Patterns']",AI Engineer,"['Analytical Skills', 'Design Patterns']"
Tech Manager,Freelance / Project,NaTakallam,"Beirut, Lebanon",'5 to 10 years','Manager ',"""Bachelor's Degree""","'1500 to 2500 EUR Per Month, Independent Contractor'","'IT/Software Development', 'Engineering - Telecom/Technology'","['Back-End Development', 'mSQL', 'Front End', 'Amelia Plugin']",AI Engineer,"['Back-End Development', 'mSQL', 'Front End', 'Amelia Plugin']"
Computer Vision Tech Lead,Full Time,Beyond Apps Group,"Nasr City, Cairo",'4 to 10 years','Experienced (Non-Manager)','Not Specified','Confidential',"'IT/Software Development', 'Engineering - Telecom/Technology'",[],AI Engineer,[]
NLP Engineer,Full Time,Tahaluf Al Emarat Technical Solutions,"Cairo, Egypt",'More than 2 years','Experienced (Non-Manager)',"""Bachelor's Degree""","'Confidential, Working remotely with us'","'IT/Software Development', 'Engineering - Telecom/Technology'","['Machine Learning', 'python', 'Data Science', 'NLP', 'TensorFlow', 'NumPy', 'ML']",ML Engineer,"['Machine Learning', 'python', 'Data Science', 'NLP', 'TensorFlow', 'NumPy', 'ML']"
Algorithm Engineer,Full Time,Tahaluf Al Emarat Technical Solutions,"Cairo, Egypt",'More than 2 years','Experienced (Non-Manager)',"""Bachelor's Degree""","'Confidential, Working Remotely'","'IT/Software Development', 'Engineering - Telecom/Technology'","['Design Patterns', 'python', 'Git', 'CUDA', 'C', 'Algorithm', 'C++']",ML Engineer,"['Design Patterns', 'python', 'Git', 'CUDA', 'C', 'Algorithm', 'C++']"
Machine Learning Intern,Internship,Talents Arena,"Smart Village, Giza",'Not Specified','Student (Undergrad / Postgrad)',"""Bachelor's Degree""",'paid',"'Analyst/Research', 'IT/Software Development', 'Engineering - Telecom/Technology'","['Machine Learning', 'python', 'Spark', 'ML', 'Algorithm']",ML Engineer,"['Machine Learning', 'python', 'Spark', 'ML', 'Algorithm']"
QA Engineer,Full Time,34ML,"Heliopolis, Cairo",'0 to 3 years','Entry Level (Junior Level / Fresh Grad)',"""Bachelor's Degree""","'Confidential, Bonus, overtime compensation, social insurance, medical insurance and salary raise'","'Quality', 'IT/Software Development', 'Engineering - Telecom/Technology'","['Angular', 'English', 'PHP Web Programming', 'Power BI', 'Power BI']",ML Engineer,"['Angular', 'English', 'PHP Web Programming', 'Power BI', 'Power BI']"
Senior DevOps Engineer,Full Time,Tech SquAd,"6th of October, Giza",'4 to 7 years','Experienced (Non-Manager)',"""Bachelor's Degree""",'Confidential',"'IT/Software Development', 'Engineering - Telecom/Technology'","['python', 'Paas', 'Git', 'Amazon Web Services', 'Kubernetes', 'Azure DevOps Server', 'Docker', 'Jenkins', 'DevOps']",ML Engineer,"['python', 'Paas', 'Git', 'Amazon Web Services', 'Kubernetes', 'Azure DevOps Server', 'Docker', 'Jenkins', 'DevOps']"
Junior iOS Mobile Developer,Full Time,34ML,"Heliopolis, Cairo",'1 to 3 years','Entry Level (Junior Level / Fresh Grad)',"""Bachelor's Degree""","'Confidential, Hybrid Work Mode, Overtime Compensation, Social Insurance, Medical Insurance & Salary Raise'","'IT/Software Development', 'Engineering - Telecom/Technology'","['iOS Development', 'Swift', 'Development', 'Power BI', 'iOS Development', 'API', 'Objective-C', 'Power BI', 'REST', 'OOP']",ML Engineer,"['iOS Development', 'Swift', 'Development', 'Power BI', 'iOS Development', 'API', 'Objective-C', 'Power BI', 'REST', 'OOP']"
Machine Learning Interns,Internship,Corporatica,"Cairo, Egypt",'Not Specified','Student (Undergrad / Postgrad)',"""Bachelor's Degree""",'paid',"'IT/Software Development', 'Engineering - Telecom/Technology'","['Keras', 'Machine Learning', 'python', 'Git', 'Amazon Web Services', 'TensorFlow', 'Statistics', 'Linux OS', 'Docker', 'Amazon Web Services', 'OpenCV', 'Algorithm']",ML Engineer,"['Keras', 'Machine Learning', 'python', 'Git', 'Amazon Web Services', 'TensorFlow', 'Statistics', 'Linux OS', 'Docker', 'Amazon Web Services', 'OpenCV', 'Algorithm']"
Vue.Js Front-End Developer,Full Time,34ML,"Heliopolis, Cairo",'1 to 3 years','Entry Level (Junior Level / Fresh Grad)',"""Bachelor's Degree""","'Confidential, Hybrid Work Mode, Overtime Compensation, Social Insurance, Medical Insurance & Salary Raise'","'IT/Software Development', 'Engineering - Telecom/Technology', 'Creative/Design/Art'","['Front End', 'Angular', 'CSS', 'PHP Web Programming', 'Objective-C', 'Power BI', 'HTML5', 'JavaScript', 'REST', 'JQuery']",ML Engineer,"['Front End', 'Angular', 'CSS', 'PHP Web Programming', 'Objective-C', 'Power BI', 'HTML5', 'JavaScript', 'REST', 'JQuery']"
Data Analyst,Full Time,Arma Foods ,"New Cairo, Cairo",'3 to 5 years','Experienced (Non-Manager)',"""Bachelor's Degree""",'Confidential','Analyst/Research',"['Analytical Skills', 'Analytical Skills', 'Power BI']",Data Analyst,"['Analytical Skills', 'Analytical Skills', 'Power BI']"
Senior Data Analyst PC Retail,Full Time,Allianz,"New Cairo, Cairo",'2 to 3 years','Experienced (Non-Manager)',"""Bachelor's Degree""",'Confidential',"'Analyst/Research', 'IT/Software Development', 'Engineering - Telecom/Technology'","['Analytical Skills', 'Analytical Skills']",Data Analyst,"['Analytical Skills', 'Analytical Skills']"
Data Analyst,Full Time,Aman Holding,"Cairo, Egypt",'2 to 5 years','Experienced (Non-Manager)',"""Bachelor's Degree""",'Confidential',"'Analyst/Research', 'IT/Software Development', 'Engineering - Telecom/Technology'","['Analytical Skills', 'Analytical Skills', 'Data', 'Analytical Skills', 'Analytical Skills', 'English']",Data Analyst,"['Analytical Skills', 'Analytical Skills', 'Data', 'Analytical Skills', 'Analytical Skills', 'English']"
Data Analyst,Full Time,Dough and More Food Industries,"6th of October, Giza",'3 to 5 years','Experienced (Non-Manager)',"""Bachelor's Degree""",'Confidential',"'Accounting/Finance', 'Analyst/Research'","['Relational Databases', 'Analytical Skills', 'Analytical Skills', 'Analytical Skills', 'Data', 'Analytical Skills']",Data Analyst,"['Relational Databases', 'Analytical Skills', 'Analytical Skills', 'Analytical Skills', 'Data', 'Analytical Skills']"
Repair Order Specialist (Data Analyst),Full Time,OPPO Egypt ,"Nasr City, Cairo",'1 to 2 years','Entry Level (Junior Level / Fresh Grad)',"""Bachelor's Degree""","'Gender:', 'Male'",'Confidential',['Analytical Skills'],Data Analyst,['Analytical Skills']
Data Analyst,Full Time,B.TECH,"Nasr City, Cairo",'2 to 4 years','Experienced (Non-Manager)',"""Bachelor's Degree""",'Confidential',"'Logistics/Supply Chain', 'Analyst/Research'","['Analytical Skills', 'Analytical Skills', 'Tableau', 'SQL', 'Power BI']",Data Analyst,"['Analytical Skills', 'Analytical Skills', 'Tableau', 'SQL', 'Power BI']"
Senior Digital Data Analyst,Full Time,Jazeera Paints,"10th of Ramadan City, Cairo",'3 to 6 years','Experienced (Non-Manager)',"""Bachelor's Degree""","'Confidential, Transportation , Social Insurance ,Medical Insurance'","'Analyst/Research', 'IT/Software Development', 'Engineering - Telecom/Technology'","['Analytical Skills', 'Analytical Skills', 'Analytical Skills', 'English', 'Data', 'Analytical Skills']",Data Analyst,"['Analytical Skills', 'Analytical Skills', 'Analytical Skills', 'English', 'Data', 'Analytical Skills']"
Senior Market Research Analyst,Full Time,Gap Polymers ,"Maadi, Cairo",'3 to 5 years','Experienced (Non-Manager)',"""Bachelor's Degree""","'Confidential, Social & medical insurance'","'Analyst/Research', 'Marketing/PR/Advertising', 'Business Development'","['Data Entry', 'Data Collection', 'Data']",Data Analyst,"['Data Entry', 'Data Collection', 'Data']"
Sales Analyst,Full Time,Sun Pharma,"Maadi, Cairo",'2 to 5 years','Experienced (Non-Manager)',"""Bachelor's Degree""",'Confidential',"'Analyst/Research', 'Sales/Retail'","['Analytical Skills', 'Analytical Skills', 'Data']",Data Analyst,"['Analytical Skills', 'Analytical Skills', 'Data']"
Senior Business Analyst,Full Time,BI-Technologies,"New Cairo, Cairo",'More than 5 years','Experienced (Non-Manager)',"""Bachelor's Degree""","'Confidential, Profit Share, Transportation, Medical Insurance, Social Insurance, Life Insurance And Retirement Plan'","'Analyst/Research', 'IT/Software Development'","['Analytical Skills', 'Data']",Data Analyst,"['Analytical Skills', 'Data']"
Marketing Research Analyst,Full Time,Careery For Talent Services ,"Nasr City, Cairo",'2 to 5 years','Experienced (Non-Manager)',"""Bachelor's Degree""",'Confidential',"'Analyst/Research', 'Media/Journalism/Publishing', 'Marketing/PR/Advertising'","['Analytical Skills', 'Data Collection']",Data Analyst,"['Analytical Skills', 'Data Collection']"
System Analyst,Full Time,Qsource,"Maadi, Cairo",'3 to 4 years','Experienced (Non-Manager)',"""Bachelor's Degree""",'Confidential',"'Analyst/Research', 'IT/Software Development', 'Engineering - Telecom/Technology'","['Analytical Skills', 'Analytical Skills', 'Analytical Skills', 'Design Patterns']",Data Analyst,"['Analytical Skills', 'Analytical Skills', 'Analytical Skills', 'Design Patterns']"
Data Analyst,Full Time,Anasia Egypt for Trading,"Sheraton, Cairo",'1 to 2 years','Entry Level (Junior Level / Fresh Grad)',"""Bachelor's Degree""",'Confidential','Analyst/Research',"['Analytical Skills', 'Analytical Skills', 'Analytical Skills', 'Analytical Skills', 'Power BI']",Data Analyst,"['Analytical Skills', 'Analytical Skills', 'Analytical Skills', 'Analytical Skills', 'Power BI']"
Senior Investment Analyst,Full Time,MÂ² Developments,"Mohandessin, Giza",'3 to 6 years','Experienced (Non-Manager)',"""Bachelor's Degree""",'Confidential',"'Accounting/Finance', 'Analyst/Research', 'Banking'","['Analytical Skills', 'Analytical Skills', 'Data']",Data Analyst,"['Analytical Skills', 'Analytical Skills', 'Data']"
Data Quality Assurance Analyst Engineer,Full Time,Z2 Data,"Banha, Qalubia",'0 to 1 year','Entry Level (Junior Level / Fresh Grad)',"""Bachelor's Degree""",'Confidential',"'Quality', 'IT/Software Development', 'Engineering - Telecom/Technology'","['python', 'Analytical Skills', 'Analytical Skills', 'SQL']",Data Analyst,"['python', 'Analytical Skills', 'Analytical Skills', 'SQL']"
Data Analyst,Full Time,JoviTronix ,"Sheikh Zayed, Giza",'3 to 5 years','Experienced (Non-Manager)',"""Bachelor's Degree""",'6000 to 7000 EGP Per Month',"'Analyst/Research', 'IT/Software Development', 'Engineering - Telecom/Technology'","['Analytical Skills', 'Analytical Skills', 'Statistics', 'Data']",Data Analyst,"['Analytical Skills', 'Analytical Skills', 'Statistics', 'Data']"
Medical Data Analyst & Program Creation,Full Time,Andalusia Maadi Hospital ,"Maadi, Cairo",'More than 1 year','Entry Level (Junior Level / Fresh Grad)',"""Bachelor's Degree""",'Confidential',"'Medical/Healthcare', 'Pharmaceutical'","['Medical', 'Analytical Skills', 'Analytical Skills', 'Data']",Data Analyst,"['Medical', 'Analytical Skills', 'Analytical Skills', 'Data']"
Workforce Analyst,Full Time,Sykes Enterprises,"Maadi, Cairo",'More than 1 year','Experienced (Non-Manager)',"""Bachelor's Degree""",'Confidential',"'Analyst/Research', 'Customer Service/Support'","['Analytical Skills', 'Analytical Skills', 'Power BI', 'SQL']",Data Analyst,"['Analytical Skills', 'Analytical Skills', 'Power BI', 'SQL']"
System Analyst,Full Time,Alrayda Elkobra,"Moharam Bek, Alexandria",'More than 4 years','Experienced (Non-Manager)',"""Bachelor's Degree""",'Confidential',"'Analyst/Research', 'IT/Software Development', 'Engineering - Telecom/Technology'","['Analytical Skills', 'Analytical Skills']",Data Analyst,"['Analytical Skills', 'Analytical Skills']"
Software Senior Business Analyst,Full Time,Softec Technologies,"Maadi, Cairo",'More than 5 years','Experienced (Non-Manager)',"""Bachelor's Degree""",'Confidential',"'Analyst/Research', 'IT/Software Development', 'Project/Program Management'","['Analytical Skills', 'Analytical Skills']",Data Analyst,"['Analytical Skills', 'Analytical Skills']"
Senior Business Analyst,Full Time,Caelum Egypt,"Dokki, Giza",'More than 5 years','Experienced (Non-Manager)',"""Bachelor's Degree""",'Confidential',"'Analyst/Research', 'IT/Software Development', 'Engineering - Telecom/Technology'","['Analytical Skills', 'Analytical Skills', 'Data']",Data Analyst,"['Analytical Skills', 'Analytical Skills', 'Data']"
Sales Analyst,Full Time,Fatura ,"Maadi, Cairo",'2 to 5 years','Experienced (Non-Manager)',"""Bachelor's Degree""",'Confidential',"'Analyst/Research', 'Sales/Retail'","['Analytical Skills', 'Analytical Skills']",Data Analyst,"['Analytical Skills', 'Analytical Skills']"
Financial Analyst,Full Time,Cairoscan,"Mohandessin, Giza",'5 years','Experienced (Non-Manager)',"""Bachelor's Degree""",'Confidential',"'Accounting/Finance', 'Analyst/Research', 'Banking'",['English'],Data Analyst,['English']
Research Analyst & Market Researcher,Full Time,Icity,"Maadi, Cairo",'2 to 5 years','Experienced (Non-Manager)',"""Bachelor's Degree""",'Confidential',"'Analyst/Research', 'Media/Journalism/Publishing', 'Marketing/PR/Advertising'",['Analytical Skills'],Data Analyst,['Analytical Skills']
Business Analyst (Salesforce),Full Time,FlairsTech,"Cairo, Egypt",'2 to 5 years','Experienced (Non-Manager)',"""Bachelor's Degree""",'Confidential',"'Analyst/Research', 'IT/Software Development', 'Engineering - Telecom/Technology'","['Analytical Skills', 'Analytical Skills', 'Analytical Skills', 'Power BI']",Data Analyst,"['Analytical Skills', 'Analytical Skills', 'Analytical Skills', 'Power BI']"
Sales Analyst,Full Time,Cairo Three A  for Agricultural and Animal Production,"New Cairo, Cairo",'2 to 3 years','Experienced (Non-Manager)',"""Bachelor's Degree""",'Confidential',"'Analyst/Research', 'Sales/Retail'","['Analytical Skills', 'Analytical Skills']",Data Analyst,"['Analytical Skills', 'Analytical Skills']"
Senior System Analyst,Full Time,FlairsTech,"Maadi, Cairo",'5 to 10 years','Experienced (Non-Manager)',"""Bachelor's Degree""",'Confidential',"'Analyst/Research', 'IT/Software Development', 'Engineering - Telecom/Technology'","['Analytical Skills', 'Development', 'Design Patterns', 'Analytical Skills', 'Agile']",Data Analyst,"['Analytical Skills', 'Development', 'Design Patterns', 'Analytical Skills', 'Agile']"
Financial Analyst - French Speaker,Full Time,World Vest Base (WVB ),"Heliopolis, Cairo",'1 to 3 years','Entry Level (Junior Level / Fresh Grad)','Not Specified','Confidential',"'Accounting/Finance', 'Analyst/Research'","['Analytical Skills', 'Oracle DB']",Data Analyst,"['Analytical Skills', 'Oracle DB']"
Process Improvement Senior Analyst (French Speaker),Full Time,Xceed,"6th of October, Giza",'More than 4 years','Experienced (Non-Manager)',"""Bachelor's Degree""","'Confidential, Bonus - Profit Share'",'Analyst/Research',"['Analytical Skills', 'Analytical Skills', 'Six Sigma', 'English']",Data Analyst,"['Analytical Skills', 'Analytical Skills', 'Six Sigma', 'English']"
Data Governance Expert,Full Time,World of systems and software,"New Cairo, Cairo",'5 to 8 years','Experienced (Non-Manager)',"""Bachelor's Degree""",'Confidential',"'Analyst/Research', 'IT/Software Development', 'Engineering - Telecom/Technology'","['Data Management', 'Data Governance', 'Database SQL Server', 'Data Entry', 'Data Governance (DG)']",Data Analyst,"['Data Management', 'Data Governance', 'Database SQL Server', 'Data Entry', 'Data Governance (DG)']"
Data Scientist,Full Time,Paymob Solutions,"Maadi, Cairo",'1 to 3 years','Entry Level (Junior Level / Fresh Grad)','Not Specified','Confidential',"'Analyst/Research', 'IT/Software Development', 'Engineering - Telecom/Technology'","['Machine Learning', 'python', 'Data Science', 'Amazon Web Services', 'Hadoop', 'Java', 'Statistics', 'SQL', 'Data']",Data Analyst,"['Machine Learning', 'python', 'Data Science', 'Amazon Web Services', 'Hadoop', 'Java', 'Statistics', 'SQL', 'Data']"
Work Force Analyst,Full Time,Xceed,"6th of October, Giza",'More than 1 year','Entry Level (Junior Level / Fresh Grad)',"""Bachelor's Degree""","'Confidential, Bonus, Profit Share'",'Analyst/Research',"['CSR', 'Analytical Skills', 'Microsoft PowerPoint', 'English', 'Reasearch']",Data Analyst,"['CSR', 'Analytical Skills', 'Microsoft PowerPoint', 'English', 'Reasearch']"
Market Research Analyst,Full Time,System Technique,"Abu Rawash, Giza",'3 to 5 years','Experienced (Non-Manager)',"""Bachelor's Degree""",'Confidential',"'Analyst/Research', 'Marketing/PR/Advertising'","['Analytical Skills', 'Statistics', 'Data Collection']",Data Analyst,"['Analytical Skills', 'Statistics', 'Data Collection']"
Data Collector,Full Time,Catalogz Technology,"New Cairo, Cairo",'2 to 5 years','Experienced (Non-Manager)',"""Bachelor's Degree""",'4000 to 6000 EGP Per Month',"'Analyst/Research', 'Administration'","['Data Entry', 'Data Collection']",Data Analyst,"['Data Entry', 'Data Collection']"
Data Engineer,Full Time,Paymob Solutions,"Maadi, Cairo",'More than 2 years','Experienced (Non-Manager)',"""Bachelor's Degree""",'Confidential',"'Analyst/Research', 'IT/Software Development', 'Engineering - Telecom/Technology'","['Design Patterns', 'Amazon Web Services', 'Hadoop', 'Java', 'Cloud Computing', 'Data', 'Scala']",Data Analyst,"['Design Patterns', 'Amazon Web Services', 'Hadoop', 'Java', 'Cloud Computing', 'Data', 'Scala']"
Data Engineer,Full Time,Ashtar.app,"Maadi, Cairo",'3 to 6 years','Experienced (Non-Manager)',"""Bachelor's Degree""",'Confidential',"'Analyst/Research', 'IT/Software Development', 'Engineering - Telecom/Technology'","['python', 'Analytical Skills', 'Data Science', 'Analytical Skills', 'Data', 'Big Data', 'SQL', 'ETL', 'Power BI']",Data Analyst,"['python', 'Analytical Skills', 'Data Science', 'Analytical Skills', 'Data', 'Big Data', 'SQL', 'ETL', 'Power BI']"
Senior Performance Analyst,Full Time,Raya Customer Experience,"Maadi, Cairo",'1 to 2 years','Entry Level (Junior Level / Fresh Grad)',"""Bachelor's Degree""",'Confidential',"'Operations/Management', 'IT/Software Development', 'Analyst/Research'","['Analytical Skills', 'Analytical Skills', 'Six Sigma Green Belt']",Data Analyst,"['Analytical Skills', 'Analytical Skills', 'Six Sigma Green Belt']"
Senior System Analyst - Software,Full Time,Rasan,"Nasr City, Cairo",'4 to 8 years','Experienced (Non-Manager)',"""Bachelor's Degree""",'Confidential',"'Analyst/Research', 'IT/Software Development', 'Engineering - Telecom/Technology'","['Design Patterns', 'Analytical Skills', 'Agile', 'Database', 'SQL']",Data Analyst,"['Design Patterns', 'Analytical Skills', 'Agile', 'Database', 'SQL']"
Senior Business Analyst - Cairo,Full Time,Gulf United Group,"Cairo, Egypt",'2 to 5 years','Experienced (Non-Manager)',"""Bachelor's Degree""",'10000 to 18000 EGP Per Month',"'Analyst/Research', 'IT/Software Development'","['Analytical Skills', 'Data', 'Analytical Skills']",Data Analyst,"['Analytical Skills', 'Data', 'Analytical Skills']"
Risk Officer/ Analyst,Full Time,Adm-Medsofts,"New Cairo, Cairo",'More than 2 years','Experienced (Non-Manager)',"""Bachelor's Degree""",'Confidential','Analyst/Research',['Analytical Skills'],Data Analyst,['Analytical Skills']
Senior Business Analyst Corporate Loan Origination,Full Time,Veripark,"Cairo, Egypt",'10 to 20 years','Experienced (Non-Manager)','Not Specified','Confidential','Banking',"['BRD', 'Analytical Skills']",Data Analyst,"['BRD', 'Analytical Skills']"
Planning Analyst,Full Time,Cilantro,"Maadi, Cairo",'1 to 3 years','Entry Level (Junior Level / Fresh Grad)',"""Bachelor's Degree""",'Confidential',"'Logistics/Supply Chain', 'Manufacturing/Production', 'Analyst/Research'","['Analytical Skills', 'Analytical Skills']",Data Analyst,"['Analytical Skills', 'Analytical Skills']"
Business Research Analyst-Marketing Research,Full Time,Nile Projects & Trading,"6th of October, Giza",'5 to 7 years','Experienced (Non-Manager)',"""Bachelor's Degree""","'Confidential, Quarter Profit Share + Annual Fixed Bonus'","'Analyst/Research', 'Marketing/PR/Advertising'",[],Data Analyst,[]
Senior Business Analyst,Full Time,e-finance,"6th of October, Giza",'3 to 5 years','Experienced (Non-Manager)',"""Bachelor's Degree""",'Confidential',"'Analyst/Research', 'IT/Software Development', 'Engineering - Telecom/Technology'","['Analytical Skills', 'Analytical Skills', 'Data', 'Documentation', 'English']",Data Analyst,"['Analytical Skills', 'Analytical Skills', 'Data', 'Documentation', 'English']"
Business Analyst,Full Time,BBI-Consultancy,"Nasr City, Cairo",'6 to 8 years','Experienced (Non-Manager)',"""Bachelor's Degree""",'Confidential',"'Analyst/Research', 'IT/Software Development'","['Analytical Skills', 'Data Management', 'Analytical Skills', 'Tableau', 'SQL', 'SAP', 'Data']",Data Analyst,"['Analytical Skills', 'Data Management', 'Analytical Skills', 'Tableau', 'SQL', 'SAP', 'Data']"
BI Analyst,Full Time,Perfect Presentation,"6th of October, Giza",'5 to 7 years','Experienced (Non-Manager)',"""Bachelor's Degree""",'Confidential',"'Analyst/Research', 'IT/Software Development', 'Engineering - Telecom/Technology'","['Analytical Skills', 'Power BI', 'SQL', 'Power BI', 'Power BI']",Data Analyst,"['Analytical Skills', 'Power BI', 'SQL', 'Power BI', 'Power BI']"
Senior Financial Analyst,Full Time,Contact,"Downtown, Cairo",'3 to 5 years','Experienced (Non-Manager)',"""Bachelor's Degree""","'Confidential, Bonus, Social Security, Medical Insurance'",'Accounting/Finance',"['English', 'Analytical Skills']",Data Analyst,"['English', 'Analytical Skills']"
Statistical Analyst,Freelance / Project,prosylab,"Jizan, Saudi Arabia",'10 to 11 years','Experienced (Non-Manager)',"""Master's Degree""",'Confidential',"'Analyst/Research', 'IT/Software Development'","['Analytical Skills', 'Analytical Skills', 'Statistics']",Data Analyst,"['Analytical Skills', 'Analytical Skills', 'Statistics']"
Senior System Analyst,Full Time,Pylon UMP,"New Cairo, Cairo",'4 to 6 years','Experienced (Non-Manager)',"""Bachelor's Degree""",'Confidential',"'Analyst/Research', 'IT/Software Development', 'Engineering - Telecom/Technology'",['Analytical Skills'],Data Analyst,['Analytical Skills']
Data Management Specialist,Full Time,M.Srour,"Imbaba, Giza",'0 to 2 years','Entry Level (Junior Level / Fresh Grad)',"""Bachelor's Degree""","'4000 to 5000 EGP Per Month, Working hours:\n10am - 7pm and one day off.'","'Analyst/Research', 'IT/Software Development', 'Engineering - Telecom/Technology'","['Analytical Skills', 'python', 'NumPy', 'English', 'Power BI', 'Analytical Skills', 'Power BI', 'Power BI', 'Analytical Skills', 'Analytical Skills', 'Data Entry', 'Pandas']",Data Analyst,"['Analytical Skills', 'python', 'NumPy', 'English', 'Power BI', 'Analytical Skills', 'Power BI', 'Power BI', 'Analytical Skills', 'Analytical Skills', 'Data Entry', 'Pandas']"
Data Scientist,Full Time,Mobica,"Giza, Giza",'3 to 5 years','Experienced (Non-Manager)',"""Bachelor's Degree""",'Confidential',"'Analyst/Research', 'IT/Software Development', 'Engineering - Telecom/Technology'","['python', 'Data Science', 'SQL', 'SAP', 'Data']",Data Analyst,"['python', 'Data Science', 'SQL', 'SAP', 'Data']"
Data Scientist,Full Time,Chefaa IT,"Maadi, Cairo",'1 to 3 years','Entry Level (Junior Level / Fresh Grad)',"""Bachelor's Degree""",'Confidential',"'Analyst/Research', 'IT/Software Development', 'Engineering - Telecom/Technology'","['python', 'Data Science', 'Statistics', 'SQL', 'Mathematics', 'Data', 'Hadoop']",Data Analyst,"['python', 'Data Science', 'Statistics', 'SQL', 'Mathematics', 'Data', 'Hadoop']"
Data Science Supervisor,Full Time,Raya Customer Experience,"6th of October, Giza",'3 to 5 years','Experienced (Non-Manager)',"""Bachelor's Degree""",'Confidential',"'Analyst/Research', 'R&D/Science', 'Customer Service/Support'","['python', 'Analytical Skills', 'SQL', 'MySQL', 'ETL', 'Data', 'Power BI']",Data Analyst,"['python', 'Analytical Skills', 'SQL', 'MySQL', 'ETL', 'Data', 'Power BI']"
Merchandising Analyst,Full Time,Alhokair Fashion Retail,"Cairo, Egypt",'More than 3 years','Experienced (Non-Manager)',"""Bachelor's Degree""",'Confidential',"'Analyst/Research', 'Sales/Retail'",['Analytical Skills'],Data Analyst,['Analytical Skills']
Market/Brand Strategist/Analyst,Full Time,IMS,"Cairo, Egypt Not Verified",'2 to 4 years','Experienced (Non-Manager)','Not Specified','Confidential','Marketing/PR/Advertising',[],Data Analyst,[]
Senior Digital Analyst,Full Time,OSN,"6th of October, Giza",'2 to 5 years','Experienced (Non-Manager)',"""Bachelor's Degree""",'Confidential',"'Analyst/Research', 'Media/Journalism/Publishing', 'Marketing/PR/Advertising'",['Analytical Skills'],Data Analyst,['Analytical Skills']
Data Scientist - For USA (Remotely),Full Time,Mobile Wave 3,"Cairo, Egypt",'10 to 17 years','Manager ',"""Master's Degree""",'Confidential',"'Analyst/Research', 'IT/Software Development', 'Engineering - Telecom/Technology'","['Machine Learning', 'Analytical Skills', 'applied statistics', 'Data Science', 'Analytical Skills', 'Clustering', 'Matlab', 'Analytical Skills', 'Data']",Data Analyst,"['Machine Learning', 'Analytical Skills', 'applied statistics', 'Data Science', 'Analytical Skills', 'Clustering', 'Matlab', 'Analytical Skills', 'Data']"
Power BI Developer,Full Time,Transmar International ,"New Cairo, Cairo",'3 to 5 years','Experienced (Non-Manager)',"""Bachelor's Degree""",'Confidential',"'IT/Software Development', 'Engineering - Telecom/Technology'","['Power BI', 'MS SQL', 'SQL', 'Data', 'Power BI']",Data Analyst,"['Power BI', 'MS SQL', 'SQL', 'Data', 'Power BI']"
Head of Data Analysis,Full Time,Zeina Group,"Sheikh Zayed, Giza",'7 to 10 years','Experienced (Non-Manager)',"""Bachelor's Degree""",'Confidential',"'Analyst/Research', 'IT/Software Development'","['Analytical Skills', 'Analytical Skills', 'Database', 'Statistics', 'SQL']",Data Analyst,"['Analytical Skills', 'Analytical Skills', 'Database', 'Statistics', 'SQL']"
VOC and Analytics Specialist,Full Time,Maxab,"Cairo, Egypt",'1 to 2 years','Entry Level (Junior Level / Fresh Grad)',"""Bachelor's Degree""",'Confidential',"'Analyst/Research', 'Project/Program Management'","['Analytical Skills', 'Analytical Skills']",Data Analyst,"['Analytical Skills', 'Analytical Skills']"
Budget & Costing Section Head,Full Time,Shiny White Dental Center ,"Heliopolis, Cairo",'7 to 10 years','Experienced (Non-Manager)',"""Bachelor's Degree""",'Confidential',"'Accounting/Finance', 'Analyst/Research'","['Analytical Skills', 'Analytical Skills', 'English']",Data Analyst,"['Analytical Skills', 'Analytical Skills', 'English']"
Research & Innovation (Materials and Biopolymers),Internship,Chitosan.egypt,"Giza, Giza",'Not Specified','Entry Level (Junior Level / Fresh Grad)','Not Specified','unpaid',"'Analyst/Research', 'R&D/Science', 'Manufacturing/Production'","['Medical', 'Analytical Skills', 'R&D', 'Analytical Skills', 'Data Collection']",Data Analyst,"['Medical', 'Analytical Skills', 'R&D', 'Analytical Skills', 'Data Collection']"
Research Assistant Internship,Internship,Chitosan.egypt,"Giza, Giza",'0 to 1 year','Entry Level (Junior Level / Fresh Grad)','Not Specified','unpaid',"'Analyst/Research', 'R&D/Science', 'Pharmaceutical'","['Medical', 'Analytical Skills', 'R&D', 'Analytical Skills', 'Data Collection']",Data Analyst,"['Medical', 'Analytical Skills', 'R&D', 'Analytical Skills', 'Data Collection']"
Senior Big Data Engineers,Full Time,BBI-Consultancy,"Abu Dhabi, United Arab Emirates",'7 to 10 years','Experienced (Non-Manager)',"""Bachelor's Degree""",'Confidential',"'Engineering - Telecom/Technology', 'IT/Software Development', 'Banking'","['Data Science', 'Kafka', 'Spark', 'Big Data', 'python']",Data Engineer,"['Data Science', 'Kafka', 'Spark', 'Big Data', 'python']"
Senior Data Engineer,Full Time,Andela,"Cairo, Egypt",'2 to 8 years','Experienced (Non-Manager)',"""Bachelor's Degree""",'Confidential',"'Engineering - Telecom/Technology', 'IT/Software Development'","['Data Warehouse', 'Data Science', 'Data', 'EC2']",Data Engineer,"['Data Warehouse', 'Data Science', 'Data', 'EC2']"
Big Data Engineer,Full Time,Worex,"New Cairo, Cairo",'2 to 3 years','Experienced (Non-Manager)',"""Bachelor's Degree""",'9000 to 15000 EGP Per Month',"'Engineering - Telecom/Technology', 'IT/Software Development'","['Kafka', 'Data', 'Spark', 'NoSQL', 'Big Data', 'Hadoop']",Data Engineer,"['Kafka', 'Data', 'Spark', 'NoSQL', 'Big Data', 'Hadoop']"
Data Center Engineer,Full Time,Perfect Presentation,"6th of October, Giza",'More than 5 years','Experienced (Non-Manager)',"""Bachelor's Degree""",'Confidential',"'Engineering - Telecom/Technology', 'IT/Software Development'",[],Data Engineer,[]
Data Engineer,Full Time,Paymob Solutions,"Maadi, Cairo",'More than 2 years','Experienced (Non-Manager)',"""Bachelor's Degree""",'Confidential',"'Engineering - Telecom/Technology', 'IT/Software Development', 'Analyst/Research'","['Cloud Computing', 'Amazon Web Services', 'Scala', 'Java', 'Data', 'Hadoop', 'Design Patterns']",Data Engineer,"['Cloud Computing', 'Amazon Web Services', 'Scala', 'Java', 'Data', 'Hadoop', 'Design Patterns']"
Data Engineer,Full Time,Ashtar.app,"Maadi, Cairo",'3 to 6 years','Experienced (Non-Manager)',"""Bachelor's Degree""",'Confidential',"'Engineering - Telecom/Technology', 'IT/Software Development', 'Analyst/Research'","['Power BI', 'SQL', 'Data Science', 'Data', 'ETL', 'Analytical Skills', 'Big Data', 'python', 'Analytical Skills']",Data Engineer,"['Power BI', 'SQL', 'Data Science', 'Data', 'ETL', 'Analytical Skills', 'Big Data', 'python', 'Analytical Skills']"
Data Engineer,Full Time,SSC Egypt,"Giza, Egypt",'5 to 8 years','Experienced (Non-Manager)',"""Bachelor's Degree""",'Confidential',"'Engineering - Telecom/Technology', 'IT/Software Development'","['Power BI', 'SQL', 'Data', 'Power BI', 'NoSQL', 'Azure DevOps Server', 'python']",Data Engineer,"['Power BI', 'SQL', 'Data', 'Power BI', 'NoSQL', 'Azure DevOps Server', 'python']"
Network Data Center Engineer,Full Time,BBI-Consultancy,"Smart Village, Giza",'1 to 2 years','Entry Level (Junior Level / Fresh Grad)',"""Bachelor's Degree""",'Confidential',"'Engineering - Telecom/Technology', 'IT/Software Development'",[],Data Engineer,[]
Data Center Maintenance Engineer - Cairo,Full Time,Click ITS,"Nasr City, Cairo",'4 to 8 years','Experienced (Non-Manager)',"""Bachelor's Degree""",'Confidential',"'Installation/Maintenance/Repair', 'Engineering - Mechanical/Electrical', 'Engineering - Telecom/Technology'","['Data center', 'Mechanical']",Data Engineer,"['Data center', 'Mechanical']"
Data Scientist,Full Time,Fixed Solutions,"Sheraton, Cairo",'More than 5 years','Experienced (Non-Manager)',"""Bachelor's Degree""",'Confidential',"'Engineering - Telecom/Technology', 'IT/Software Development'","['Java', 'SQL', 'Data Science', 'Statistics', 'Data Mining', 'Machine Learning', 'python', 'Analytical Skills']",Data Engineer,"['Java', 'SQL', 'Data Science', 'Statistics', 'Data Mining', 'Machine Learning', 'python', 'Analytical Skills']"
Data Scientist,Full Time,Paymob Solutions,"Maadi, Cairo",'1 to 3 years','Entry Level (Junior Level / Fresh Grad)','Not Specified','Confidential',"'Engineering - Telecom/Technology', 'IT/Software Development', 'Analyst/Research'","['Amazon Web Services', 'Java', 'SQL', 'Data Science', 'Statistics', 'Data', 'python', 'Machine Learning', 'Hadoop']",Data Engineer,"['Amazon Web Services', 'Java', 'SQL', 'Data Science', 'Statistics', 'Data', 'python', 'Machine Learning', 'Hadoop']"
Data Migration Architect,Full Time,Grafene Consulting,"Cairo, Egypt",'12 to 14 years','Manager ',"""Bachelor's Degree""",'Confidential',"'Strategy/Consulting', 'Engineering - Other'","['Data', 'Data Migration', 'ETL', 'Oracle DB', 'Oracle DB']",Data Engineer,"['Data', 'Data Migration', 'ETL', 'Oracle DB', 'Oracle DB']"
Data Engineer,Full Time,Z2 Data,"Banha, Qalubia",'1 to 2 years','Entry Level (Junior Level / Fresh Grad)',"""Bachelor's Degree""",'Confidential',"'Engineering - Telecom/Technology', 'IT/Software Development', 'Engineering - Mechanical/Electrical'","['Data', 'Data Management', 'Analytical Skills']",Data Engineer,"['Data', 'Data Management', 'Analytical Skills']"
Data Quality Assurance Analyst Engineer,Full Time,Z2 Data,"Banha, Qalubia",'0 to 1 year','Entry Level (Junior Level / Fresh Grad)',"""Bachelor's Degree""",'Confidential',"'Quality', 'IT/Software Development', 'Engineering - Telecom/Technology'","['SQL', 'Analytical Skills', 'python', 'Analytical Skills']",Data Engineer,"['SQL', 'Analytical Skills', 'python', 'Analytical Skills']"
Data Management Administrator,Full Time,Xceed,"Maadi, Cairo",'1 to 2 years','Entry Level (Junior Level / Fresh Grad)',"""Bachelor's Degree""","'Confidential, Profit Share'","'Installation/Maintenance/Repair', 'IT/Software Development', 'Engineering - Telecom/Technology'","['English', 'SQL', 'Application Development', 'Linux OS']",Data Engineer,"['English', 'SQL', 'Application Development', 'Linux OS']"
Big Data Consultant,Full Time,Fingerprint consultancy,"Cairo, Egypt",'More than 3 years','Experienced (Non-Manager)',"""Bachelor's Degree""","'Confidential, Social Insurance / Medical Insurance'","'Engineering - Telecom/Technology', 'Engineering - Other', 'IT/Software Development'","['Hive', 'Java', 'Spark', 'ETL', 'NoSQL', 'Big Data', 'Apache Spark', 'Hadoop', 'python']",Data Engineer,"['Hive', 'Java', 'Spark', 'ETL', 'NoSQL', 'Big Data', 'Apache Spark', 'Hadoop', 'python']"
Data Management & Bigdata Team Lead,Full Time,KnowledgeNet,"Nasr City, Cairo",'7 to 12 years','Manager ',"""Bachelor's Degree""",'Confidential',"'Quality', 'IT/Software Development', 'Engineering - Telecom/Technology'","['Data Warehouse', 'Data Warehousing', 'Data Stage', 'ETL', 'English', 'SQL', 'Microsoft SQL Server', 'Data Stage Development', 'Data Developer', 'MySQL', 'End To End Implementation', 'Data Integration', 'Data Stage 11.x', 'Analytical Skills']",Data Engineer,"['Data Warehouse', 'Data Warehousing', 'Data Stage', 'ETL', 'English', 'SQL', 'Microsoft SQL Server', 'Data Stage Development', 'Data Developer', 'MySQL', 'End To End Implementation', 'Data Integration', 'Data Stage 11.x', 'Analytical Skills']"
Technical Engineer - German Speaker,Full Time,Expleo,"Maadi, Cairo",'1 to 3 years','Entry Level (Junior Level / Fresh Grad)',"""Bachelor's Degree""",'7000 to 10000 EGP Per Month',"'Installation/Maintenance/Repair', 'IT/Software Development', 'Engineering - Telecom/Technology'","['Cloud Computing', 'English', 'HP Service Test', 'Java', 'Selenium', 'HP', 'Service Virtualize', 'Perl', 'C#', 'Shell', 'German', 'IBM']",Data Engineer,"['Cloud Computing', 'English', 'HP Service Test', 'Java', 'Selenium', 'HP', 'Service Virtualize', 'Perl', 'C#', 'Shell', 'German', 'IBM']"
NLP Engineer,Full Time,Tahaluf Al Emarat Technical Solutions,"Cairo, Egypt",'More than 2 years','Experienced (Non-Manager)',"""Bachelor's Degree""","'Confidential, Working remotely with us'","'Engineering - Telecom/Technology', 'IT/Software Development'","['ML', 'Data Science', 'NumPy', 'Machine Learning', 'python', 'TensorFlow', 'NLP']",Data Engineer,"['ML', 'Data Science', 'NumPy', 'Machine Learning', 'python', 'TensorFlow', 'NLP']"
Data Processor- Offshore,Full Time,Petrological Integrated Solutions,"Stanley, Alexandria",'1 to 3 years','Entry Level (Junior Level / Fresh Grad)',"""Bachelor's Degree""",'Confidential','Engineering - Construction/Civil/Architecture',"['Data Processing', 'English', 'Data Processor']",Data Engineer,"['Data Processing', 'English', 'Data Processor']"
Operations And Data Engineering Manager,Full Time,Egybell,"Salam City, Cairo",'4 to 14 years','Experienced (Non-Manager)','Not Specified','Confidential',"'Engineering - Telecom/Technology', 'IT/Software Development', 'Operations/Management'","['English', 'ELK', 'Analytical Skills', 'Electronics', 'Mechanical Engineering', 'Big Data', 'Hadoop', 'Analytical Skills', 'Mechanical']",Data Engineer,"['English', 'ELK', 'Analytical Skills', 'Electronics', 'Mechanical Engineering', 'Big Data', 'Hadoop', 'Analytical Skills', 'Mechanical']"
Sales Engineer,Full Time,Wadi Degla Trading ,"Maadi, Cairo",'0 to 2 years','Entry Level (Junior Level / Fresh Grad)',"""Bachelor's Degree""","'Confidential, Bounce\nCommission'","'Sales/Retail', 'Engineering - Mechanical/Electrical'","['English', 'Data Center', 'HVAC']",Data Engineer,"['English', 'Data Center', 'HVAC']"
Pre Sales Engineer,Full Time,BBI-Consultancy,"Nasr City, Cairo",'4 to 6 years','Experienced (Non-Manager)',"""Bachelor's Degree""",'Confidential',"'Engineering - Telecom/Technology', 'IT/Software Development'","['Kafka', 'Data', 'Informatica', 'Cloud Computing']",Data Engineer,"['Kafka', 'Data', 'Informatica', 'Cloud Computing']"
Data Management Lead,Full Time,BBI-Consultancy,"Nasr City, Cairo",'6 to 8 years','Experienced (Non-Manager)',"""Bachelor's Degree""",'Confidential',"'Engineering - Telecom/Technology', 'Engineering - Other', 'IT/Software Development'","['Linux OS', 'English', 'SQL', 'ETL', 'NoSQL', 'Big Data', 'python']",Data Engineer,"['Linux OS', 'English', 'SQL', 'ETL', 'NoSQL', 'Big Data', 'python']"
Sr. Software Engineer - Back End Java,Full Time,Sahab Smart Solutions,"Cairo, Egypt",'5 to 10 years','Experienced (Non-Manager)',"""Bachelor's Degree""",'Confidential',"'Engineering - Telecom/Technology', 'IT/Software Development'","['Design Patterns', 'Design Patterns', 'Design Patterns', 'Java Jee', 'Spring Boot', 'Java SE', 'Algorithm', 'Data Structures']",Data Engineer,"['Design Patterns', 'Design Patterns', 'Design Patterns', 'Java Jee', 'Spring Boot', 'Java SE', 'Algorithm', 'Data Structures']"
Implementation Engineer,Full Time,Trufla,"Heliopolis, Cairo",'More than 2 years','Experienced (Non-Manager)','Not Specified','Confidential',"'Engineering - Telecom/Technology', 'IT/Software Development'","['JavaScript', 'Data Processing', 'English', 'Cloud Computing', 'MySQL', 'Linux OS', 'CI/CD', 'React', 'JIRA', 'Amazon Web Services']",Data Engineer,"['JavaScript', 'Data Processing', 'English', 'Cloud Computing', 'MySQL', 'Linux OS', 'CI/CD', 'React', 'JIRA', 'Amazon Web Services']"
Data Governance Expert,Full Time,World of systems and software,"New Cairo, Cairo",'5 to 8 years','Experienced (Non-Manager)',"""Bachelor's Degree""",'Confidential',"'Engineering - Telecom/Technology', 'IT/Software Development', 'Analyst/Research'","['Database SQL Server', 'Data Entry', 'Data Management', 'Data Governance (DG)', 'Data Governance']",Data Engineer,"['Database SQL Server', 'Data Entry', 'Data Management', 'Data Governance (DG)', 'Data Governance']"
Data Management Specialist,Full Time,M.Srour,"Imbaba, Giza",'0 to 2 years','Entry Level (Junior Level / Fresh Grad)',"""Bachelor's Degree""","'4000 to 5000 EGP Per Month, Working hours:\n10am - 7pm and one day off.'","'Engineering - Telecom/Technology', 'IT/Software Development', 'Analyst/Research'","['Analytical Skills', 'Analytical Skills', 'English', 'Analytical Skills', 'Power BI', 'Pandas', 'Analytical Skills', 'Power BI', 'NumPy', 'Power BI', 'Data Entry', 'python']",Data Engineer,"['Analytical Skills', 'Analytical Skills', 'English', 'Analytical Skills', 'Power BI', 'Pandas', 'Analytical Skills', 'Power BI', 'NumPy', 'Power BI', 'Data Entry', 'python']"
System Analyst,Full Time,Qsource,"Maadi, Cairo",'3 to 4 years','Experienced (Non-Manager)',"""Bachelor's Degree""",'Confidential',"'Engineering - Telecom/Technology', 'IT/Software Development', 'Analyst/Research'","['Analytical Skills', 'Design Patterns', 'Analytical Skills', 'Analytical Skills']",Data Engineer,"['Analytical Skills', 'Design Patterns', 'Analytical Skills', 'Analytical Skills']"
Planning Engineer -Section Head,Full Time,MB for Engineering,"6th of October, Giza",'4 to 6 years','Manager ',"""Bachelor's Degree""",'Confidential',"'Manufacturing/Production', 'Operations/Management', 'Engineering - Mechanical/Electrical'",['SAP'],Data Engineer,['SAP']
Network Engineer,Full Time,Capital IT,"Nasr City, Cairo",'1 to 3 years','Entry Level (Junior Level / Fresh Grad)',"""Bachelor's Degree""",'5000 to 6000 EGP Per Month',"'Installation/Maintenance/Repair', 'IT/Software Development', 'Engineering - Telecom/Technology'","['English', 'HP']",Data Engineer,"['English', 'HP']"
Senior IT Systems Engineer - Cairo,Full Time,LEONI Wiring System Egypt S.A.E,"Nasr City, Cairo",'3 to 5 years','Experienced (Non-Manager)',"""Bachelor's Degree""",'Confidential',"'Engineering - Telecom/Technology', 'IT/Software Development'","['DHCP', 'DNS']",Data Engineer,"['DHCP', 'DNS']"
Senior Test Engineer,Full Time,Network International -Egypt,"Dokki, Giza",'4 to 10 years','Experienced (Non-Manager)',"""Bachelor's Degree""",'Confidential',"'Quality', 'IT/Software Development', 'Engineering - Telecom/Technology'",[],Data Engineer,[]
Sr. Foreign Procurement Engineer,Full Time,Elsewedy industries,"10th of Ramadan City, Cairo",'3 to 5 years','Experienced (Non-Manager)',"""Bachelor's Degree""",'Confidential',"'Logistics/Supply Chain', 'Engineering - Mechanical/Electrical', 'Purchasing/Procurement'",[],Data Engineer,[]
Unity Game Developer,Full Time,Autsera Limited,"Dokki, Giza",'More than 3 years','Experienced (Non-Manager)',"""Bachelor's Degree""",'Confidential',"'Engineering - Telecom/Technology', 'IT/Software Development'","['Design Patterns', 'Data Structure', 'Agile', 'API', 'C#', 'OOP', 'Graphics']",Data Engineer,"['Design Patterns', 'Data Structure', 'Agile', 'API', 'C#', 'OOP', 'Graphics']"
Senior Security Engineer,Full Time,Ibn Sina Pharma,"New Cairo, Cairo",'4 to 6 years','Experienced (Non-Manager)',"""Bachelor's Degree""",'Confidential',"'Installation/Maintenance/Repair', 'IT/Software Development', 'Engineering - Telecom/Technology'",[],Data Engineer,[]
Site Architecture Engineer - Finishing,Full Time,Elattal Holding ,"Sheraton, Cairo",'1 to 2 years','Entry Level (Junior Level / Fresh Grad)',"""Bachelor's Degree""",'Confidential',"'Engineering - Construction/Civil/Architecture', 'Creative/Design/Art'",['English'],Data Engineer,['English']
Sales Account Manager,Full Time,Capital IT,"Nasr City, Cairo",'3 to 5 years','Experienced (Non-Manager)',"""Bachelor's Degree""",'10000 to 15000 EGP Per Month',"'Sales/Retail', 'IT/Software Development'","['Cloud Computing', 'Data Center', 'Admin', 'HP']",Data Engineer,"['Cloud Computing', 'Data Center', 'Admin', 'HP']"
Senior Sales Engineer,Full Time,EGID company,"New Cairo, Cairo",'5 to 8 years','Experienced (Non-Manager)',"""Bachelor's Degree""","'Confidential, Social Insurance, Medical Insurance & Semi-Annual Bonus'","'Sales/Retail', 'IT/Software Development', 'Engineering - Telecom/Technology'",[],Data Engineer,[]
Sr. Cost Estimator Engineer,Full Time,Floortec,"Sheikh Zayed, Giza",'12 to 15 years','Experienced (Non-Manager)',"""Bachelor's Degree""",'Confidential',"'Engineering - Construction/Civil/Architecture', 'Project/Program Management'",[],Data Engineer,[]
Senior Performance Engineer,Full Time,Expleo,"Maadi, Cairo",'4 to 8 years','Experienced (Non-Manager)',"""Bachelor's Degree""",'Confidential',"'Engineering - Telecom/Technology', 'Engineering - Mechanical/Electrical'","['DevOps', 'Agile']",Data Engineer,"['DevOps', 'Agile']"
Estimation Engineer,Full Time,Al Rabat,"New Cairo, Cairo",'More than 5 years','Experienced (Non-Manager)','Not Specified','Confidential',"'Engineering - Construction/Civil/Architecture', 'Project/Program Management', 'Engineering - Mechanical/Electrical'",[],Data Engineer,[]
Devops Engineer,Full Time,Beyond Solution,"Maadi, Cairo",'1 to 3 years','Entry Level (Junior Level / Fresh Grad)',"""Bachelor's Degree""","'Confidential, Medical ,Social & Life Insurance'","'Engineering - Telecom/Technology', 'IT/Software Development'","['Linux OS', 'DevOps', 'CI/CD', 'Agile', 'Kubernetes', 'python', 'Docker']",Data Engineer,"['Linux OS', 'DevOps', 'CI/CD', 'Agile', 'Kubernetes', 'python', 'Docker']"
Electrical Engineer,Full Time,Global Medical Solutions International ,"Cairo, Egypt",'More than 8 years','Experienced (Non-Manager)',"""Bachelor's Degree""",'Confidential','Engineering - Mechanical/Electrical',[],Data Engineer,[]
Senior Software Engineer - GoLang,Full Time,Andela,"Cairo, Egypt",'2 to 8 years','Experienced (Non-Manager)',"""Bachelor's Degree""",'25000 to 40000 EGP Per Month',"'Engineering - Telecom/Technology', 'IT/Software Development'","['MongoDB', 'Andriod programming', 'NodeJS', 'Amazon Web Services', 'Design Patterns', 'Docker']",Data Engineer,"['MongoDB', 'Andriod programming', 'NodeJS', 'Amazon Web Services', 'Design Patterns', 'Docker']"
Outdoor Technical Sales Engineer,Full Time,ManEx Systems,"6th of October, Giza",'1 to 3 years','Entry Level (Junior Level / Fresh Grad)',"""Bachelor's Degree""","'Confidential, Commission, Transportation and Bonus are included'","'Sales/Retail', 'Engineering - Mechanical/Electrical'",['Mechatronics'],Data Engineer,['Mechatronics']
Maintenance Engineer- Heliopolis,Full Time,Al Amin Technological Systems,"Heliopolis, Cairo",'0 to 2 years','Entry Level (Junior Level / Fresh Grad)',"""Bachelor's Degree""",'Confidential',"'Installation/Maintenance/Repair', 'Engineering - Telecom/Technology'","['Mechatronics', 'Electronics', 'Electronics Engineering']",Data Engineer,"['Mechatronics', 'Electronics', 'Electronics Engineering']"
Maintenance Engineer,Full Time,Al Amin Technological Systems,"6th of October, Giza",'0 to 2 years','Entry Level (Junior Level / Fresh Grad)',"""Bachelor's Degree""",'Confidential',"'Installation/Maintenance/Repair', 'Engineering - Telecom/Technology'","['Electronics', 'Electronics Engineering']",Data Engineer,"['Electronics', 'Electronics Engineering']"
Business Development Engineer,Full Time,Stratoil Energy Services,"Cairo, Egypt",'0 to 4 years','Entry Level (Junior Level / Fresh Grad)',"""Bachelor's Degree""",'Confidential',"'Business Development', 'Sales/Retail', 'Engineering - Oil & Gas/Energy'",[],Data Engineer,[]
MV Design Engineer,Full Time,Sega_m,"10th of Ramadan City, Sharqia",'3 to 5 years','Experienced (Non-Manager)',"""Bachelor's Degree""",'Confidential',"'Engineering - Mechanical/Electrical', 'Creative/Design/Art'","['English', 'Design Patterns']",Data Engineer,"['English', 'Design Patterns']"
Mechanical Engineer,Full Time,Global Medical Solutions International ,"Cairo, Egypt",'8 to 12 years','Experienced (Non-Manager)',"""Bachelor's Degree""",'Confidential','Engineering - Mechanical/Electrical',"['Mechanical Engineering', 'Mechanical']",Data Engineer,"['Mechanical Engineering', 'Mechanical']"
Sales Support Engineer,Full Time,ICON Holding,"Helwan, Cairo",'1 to 3 years','Entry Level (Junior Level / Fresh Grad)',"""Bachelor's Degree""","'Confidential, 1000'","'Engineering - Other', 'Sales/Retail'",[],Data Engineer,[]
Senior Cost Control Engineer,Full Time,Redcon Spain,"Heliopolis, Cairo",'5 to 7 years','Experienced (Non-Manager)',"""Bachelor's Degree""",'Confidential',"'Engineering - Telecom/Technology', 'IT/Software Development'",[],Data Engineer,[]
Technical Office Design Engineer,Full Time,Tanta Motors ,"Mahalla Kubra, Gharbia",'3 to 5 years','Experienced (Non-Manager)',"""Bachelor's Degree""",'Confidential',"'Engineering - Mechanical/Electrical', 'Creative/Design/Art'",['Design Patterns'],Data Engineer,['Design Patterns']
Senior Full Stack Engineer - Alexandria,Full Time,Caduceus Lane,"San Stefano, Alexandria",'4 to 6 years','Experienced (Non-Manager)',"""Bachelor's Degree""",'Confidential',"'Engineering - Telecom/Technology', 'IT/Software Development'","['JavaScript', 'MySQL', 'HTML', 'PHP Web Programming', 'Full Stack Developement', 'jQuery', 'CSS', 'Angular']",Data Engineer,"['JavaScript', 'MySQL', 'HTML', 'PHP Web Programming', 'Full Stack Developement', 'jQuery', 'CSS', 'Angular']"
Process Engineer (Suez),Full Time,Micro Engineering,"Suez, Egypt",'More than 2 years','Experienced (Non-Manager)',"""Bachelor's Degree""",'Confidential',"'Engineering - Other', 'Engineering - Oil & Gas/Energy', 'Engineering - Mechanical/Electrical'",['Mechanical Engineering'],Data Engineer,['Mechanical Engineering']
Senior / Staff Layout Design Engineer,Full Time, Si-Vision,"Sheraton, Cairo",'5 to 7 years','Experienced (Non-Manager)',"""Bachelor's Degree""",'Confidential',"'Engineering - Telecom/Technology', 'IT/Software Development'","['Linux OS', 'Electronics', 'Analog', 'Design Patterns']",Data Engineer,"['Linux OS', 'Electronics', 'Analog', 'Design Patterns']"
Sales Engineer,Full Time,Egyptian Engineering Company,"6th of October, Giza",'2 to 4 years','Experienced (Non-Manager)',"""Bachelor's Degree""",'Confidential',"'Sales/Retail', 'Engineering - Mechanical/Electrical'","['Mechanical', 'Mechatronics']",Data Engineer,"['Mechanical', 'Mechatronics']"
Senior Java Developer,Full Time,egabi solutions,"Cairo, Egypt",'2 to 5 years','Experienced (Non-Manager)',"""Bachelor's Degree""",'Confidential',"'Engineering - Telecom/Technology', 'IT/Software Development'","['Design Patterns', 'Design Patterns', 'Java', 'SQL', 'Spring Boot framework', 'REST', 'Oracle DB', 'Data Structures', 'OOP', 'Development', 'Algorithm']",Data Engineer,"['Design Patterns', 'Design Patterns', 'Java', 'SQL', 'Spring Boot framework', 'REST', 'Oracle DB', 'Data Structures', 'OOP', 'Development', 'Algorithm']"
Senior Digital Data Analyst,Full Time,Jazeera Paints,"10th of Ramadan City, Cairo",'3 to 6 years','Experienced (Non-Manager)',"""Bachelor's Degree""","'Confidential, Transportation , Social Insurance ,Medical Insurance'","'Engineering - Telecom/Technology', 'IT/Software Development', 'Analyst/Research'","['English', 'Analytical Skills', 'Data', 'Analytical Skills', 'Analytical Skills', 'Analytical Skills']",Data Engineer,"['English', 'Analytical Skills', 'Data', 'Analytical Skills', 'Analytical Skills', 'Analytical Skills']"
Senior MEP Engineer,Full Time,Talent 360,"Nasr City, Cairo",'2 to 6 years','Experienced (Non-Manager)',"""Bachelor's Degree""",'Confidential','Engineering - Mechanical/Electrical',['Design Patterns'],Data Engineer,['Design Patterns']
Instrument Engineer (Suez),Full Time,Micro Engineering,"Suez, Egypt",'More than 2 years','Experienced (Non-Manager)',"""Bachelor's Degree""",'Confidential',"'Installation/Maintenance/Repair', 'Engineering - Mechanical/Electrical'","['Mechatronics', 'Electronics']",Data Engineer,"['Mechatronics', 'Electronics']"
Technical Admin Assistant - Engineering Team,Full Time,Target Recruitment  & HR Solutions ,"Cairo, Egypt",'More than 5 years','Experienced (Non-Manager)',"""Bachelor's Degree""",'Confidential',"'Engineering - Mechanical/Electrical', 'Administration'","['Database', 'English', 'Database Systems', 'Admin']",Data Engineer,"['Database', 'English', 'Database Systems', 'Admin']"
Quality Control Engineer,Full Time,EGYTRAFO,"Badr City, Cairo",'1 to 3 years','Entry Level (Junior Level / Fresh Grad)',"""Bachelor's Degree""",'Confidential',"'Quality', 'Engineering - Mechanical/Electrical'","['English', 'Mechanical Engineering', 'Mechanical']",Data Engineer,"['English', 'Mechanical Engineering', 'Mechanical']"
Planning Engineer,Full Time,Solera,"Heliopolis, Cairo",'3 to 6 years','Experienced (Non-Manager)','Not Specified','Confidential','Engineering - Mechanical/Electrical',[],Data Engineer,[]
Associate System Engineer,Full Time,URANIUM,"Maadi, Cairo",'1 to 2 years','Entry Level (Junior Level / Fresh Grad)',"""Bachelor's Degree""","'Confidential, Annual Based On Performance'","'Engineering - Telecom/Technology', 'IT/Software Development'","['English', 'SQL', 'HP Servers', 'DHCP', 'DNS', 'Admin', 'Admin']",Data Engineer,"['English', 'SQL', 'HP Servers', 'DHCP', 'DNS', 'Admin', 'Admin']"
HSE Engineer,Full Time,Dreem Mashreq Foods ,"Bourj Alarab, Alexandria",'3 to 7 years','Experienced (Non-Manager)',"""Bachelor's Degree""",'Confidential',"'Quality', 'Engineering - Other', 'Manufacturing/Production'",[],Data Engineer,[]
Technical Lead,Full Time,Block Gemini,"Mohandessin, Giza",'5 to 8 years','Manager ',"""Bachelor's Degree""",'Confidential',"'Engineering - Telecom/Technology', 'IT/Software Development'","['Data', 'Development', 'NodeJS', 'Design Patterns', 'Angular']",Data Engineer,"['Data', 'Development', 'NodeJS', 'Design Patterns', 'Angular']"
Senior Python Engineer,Full Time,Brainology,"Cairo, Egypt",'More than 7 years','Experienced (Non-Manager)',"""Bachelor's Degree""",'Confidential',"'Engineering - Telecom/Technology', 'IT/Software Development'",['python'],Data Engineer,['python']
Project Control Engineer,Full Time,Construction & Design Co. SAE,"North Coast, Matruh",'3 to 7 years','Experienced (Non-Manager)',"""Bachelor's Degree""","'Gender:', 'Male'",'Confidential',[],Data Engineer,[]
Quality Engineer,Full Time,Midea Egypt,"Ain Sokhna, Suez",'2 to 4 years','Experienced (Non-Manager)',"""Bachelor's Degree""","'Gender:', 'Male'",'Confidential',[],Data Engineer,[]
Senior Data Scientist,Full Time,Nana,"Sheraton, Cairo",'3 to 6 years','Experienced (Non-Manager)',"""Bachelor's Degree""",'Confidential',"'Engineering - Telecom/Technology', 'IT/Software Development', 'Analyst/Research'","['Cloud Computing', 'R', 'Mathematics', 'Machine Learning', 'python']",Data scientist,"['Cloud Computing', 'R', 'Mathematics', 'Machine Learning', 'python']"
Data Scientist,Full Time,Mobica,"Giza, Giza",'3 to 5 years','Experienced (Non-Manager)',"""Bachelor's Degree""",'Confidential',"'Engineering - Telecom/Technology', 'IT/Software Development', 'Analyst/Research'","['SQL', 'Data Science', 'Data', 'SAP', 'python']",Data scientist,"['SQL', 'Data Science', 'Data', 'SAP', 'python']"
Data Scientist,Full Time,Chefaa IT,"Maadi, Cairo",'1 to 3 years','Entry Level (Junior Level / Fresh Grad)',"""Bachelor's Degree""",'Confidential',"'Engineering - Telecom/Technology', 'IT/Software Development', 'Analyst/Research'","['SQL', 'Data Science', 'Data', 'Statistics', 'Hadoop', 'python', 'Mathematics']",Data scientist,"['SQL', 'Data Science', 'Data', 'Statistics', 'Hadoop', 'python', 'Mathematics']"
Data Scientist - For USA (Remotely),Full Time,Mobile Wave 3,"Cairo, Egypt",'10 to 17 years','Manager ',"""Master's Degree""",'Confidential',"'Engineering - Telecom/Technology', 'IT/Software Development', 'Analyst/Research'","['Data Science', 'Analytical Skills', 'Data', 'Analytical Skills', 'applied statistics', 'Machine Learning', 'Clustering', 'Analytical Skills', 'Matlab']",Data scientist,"['Data Science', 'Analytical Skills', 'Data', 'Analytical Skills', 'applied statistics', 'Machine Learning', 'Clustering', 'Analytical Skills', 'Matlab']"
Staff Data Scientist,Full Time,Nana,"Sheraton, Cairo",'5 to 8 years','Experienced (Non-Manager)','Not Specified','Confidential',"'Engineering - Telecom/Technology', 'IT/Software Development', 'Analyst/Research'","['Data', 'Development', 'Machine Learning']",Data scientist,"['Data', 'Development', 'Machine Learning']"
Data Scientist/ML Engineer,Full Time,TMentors,"Maadi, Cairo",'1 to 3 years','Entry Level (Junior Level / Fresh Grad)',"""Bachelor's Degree""",'10000 to 12000 EGP Per Month',"'Engineering - Telecom/Technology', 'IT/Software Development'","['Cloud Computing', 'Statistics', 'ETL', 'Data Wrangling', 'SQL', 'Deep Neural Network (DNN)', 'Machine Learning', 'Deep Learning Framework', 'Artificial Intelligence', 'Hadoop', 'Deep Learning', 'Data Science', 'Mathematics', 'python']",Data scientist,"['Cloud Computing', 'Statistics', 'ETL', 'Data Wrangling', 'SQL', 'Deep Neural Network (DNN)', 'Machine Learning', 'Deep Learning Framework', 'Artificial Intelligence', 'Hadoop', 'Deep Learning', 'Data Science', 'Mathematics', 'python']"
Power BI Developer,Full Time,BI-Technologies,"New Cairo, Cairo",'1 to 5 years','Entry Level (Junior Level / Fresh Grad)',"""Bachelor's Degree""","'Confidential, Medical Insurance, Social Insurance, Life Insurance, Retirement Plan Transportation and Profit Share'","'Engineering - Telecom/Technology', 'IT/Software Development', 'Analyst/Research'","['Power BI', 'SQL', 'Data Warehouse', 'Data Science', 'Power BI', 'Power BI', 'Oracle DB', 'Power BI']",Data scientist,"['Power BI', 'SQL', 'Data Warehouse', 'Data Science', 'Power BI', 'Power BI', 'Oracle DB', 'Power BI']"
Power BI Developer,Part Time,Kick Start Interactive,"Dokki, Giza",'2 to 5 years','Experienced (Non-Manager)',"""Bachelor's Degree""",'Confidential',"'Engineering - Telecom/Technology', 'IT/Software Development'","['Power BI', 'SQL', 'Data Warehouse', 'Power BI', 'Power BI', 'Oracle DB', 'Design Patterns']",Data scientist,"['Power BI', 'SQL', 'Data Warehouse', 'Power BI', 'Power BI', 'Oracle DB', 'Design Patterns']"
Senior AI Engineer,Full Time,Softec Technologies,"Maadi, Cairo",'3 to 5 years','Experienced (Non-Manager)',"""Bachelor's Degree""",'Confidential',"'Engineering - Telecom/Technology', 'IT/Software Development'","['English', 'Artificial Intelligence', 'Development', 'Artificial Intelligence']",Data scientist,"['English', 'Artificial Intelligence', 'Development', 'Artificial Intelligence']"
Senior Front-End Developer (Angular),Full Time,Lines Dev,"Mansoura, Dakahlia",'More than 3 years','Experienced (Non-Manager)',"""Bachelor's Degree""",'Confidential','IT/Software Development',"['Angular', 'Front End']",Data scientist,"['Angular', 'Front End']"
Senior Back End Developer,Full Time,BlinkApp,"Nasr City, Cairo",'4 to 6 years','Experienced (Non-Manager)',"""Bachelor's Degree""","'Confidential, + Competitive Package + Social Insurance + Friendly Working Environment'","'Engineering - Telecom/Technology', 'IT/Software Development', 'Creative/Design/Art'","['JavaScript', 'SQL', 'Agile', '.Net', '.Net', 'API', 'Angular']",Data scientist,"['JavaScript', 'SQL', 'Agile', '.Net', '.Net', 'API', 'Angular']"
Mean Stack Developer,Full Time,Advansys ESC,"Nasr City, Cairo",'2 to 4 years','Experienced (Non-Manager)',"""Bachelor's Degree""",'Confidential',"'Engineering - Telecom/Technology', 'IT/Software Development'","['JavaScript', 'MongoDB', 'Git', 'HTML', 'SQL', 'Agile', 'jQuery', 'Angular']",Data scientist,"['JavaScript', 'MongoDB', 'Git', 'HTML', 'SQL', 'Agile', 'jQuery', 'Angular']"
.Net Full Stack Developer,Full Time,Nile University,"6th of October, Giza",'2 to 3 years','Experienced (Non-Manager)',"""Bachelor's Degree""",'Confidential',"'Engineering - Telecom/Technology', 'IT/Software Development'","['Git', 'SQL', 'HTML5', 'javaScript', '.Net', 'jQuery', 'C#', 'Angular']",Data scientist,"['Git', 'SQL', 'HTML5', 'javaScript', '.Net', 'jQuery', 'C#', 'Angular']"
Senior Full Stack Developer (NodeJS/React),Full Time,Standout Solutions,"New Cairo, Cairo",'More than 3 years','Experienced (Non-Manager)',"""Bachelor's Degree""",'Confidential',"'Engineering - Telecom/Technology', 'IT/Software Development'","['MongoDB', 'JavaScript', 'Ruby', 'Angular', 'HTML', 'Java', 'PHP Web Programming', 'Full Stack Developement', 'Oracle DB', 'React', 'CSS', '.Net', 'NodeJS', 'Angular', 'MySQL', 'python']",Data scientist,"['MongoDB', 'JavaScript', 'Ruby', 'Angular', 'HTML', 'Java', 'PHP Web Programming', 'Full Stack Developement', 'Oracle DB', 'React', 'CSS', '.Net', 'NodeJS', 'Angular', 'MySQL', 'python']"
Full Stack Java Developer (Remotely for USA),Full Time,Mobile Wave 3,"Nasr City, Cairo",'4 to 7 years','Experienced (Non-Manager)','MBA','Confidential',"'Engineering - Telecom/Technology', 'IT/Software Development'","['JavaScript', 'MySQL', 'Java', 'Angular', 'Data Science', 'Full Stack Developement', 'jQuery', 'React', 'NodeJS', 'python', 'CSS']",Data scientist,"['JavaScript', 'MySQL', 'Java', 'Angular', 'Data Science', 'Full Stack Developement', 'jQuery', 'React', 'NodeJS', 'python', 'CSS']"
Full Stack Developer,Full Time,Squadio,"Cairo, Egypt",'4 to 9 years','Experienced (Non-Manager)',"""Bachelor's Degree""",'1400 to 2000 USD Per Month',"'Engineering - Telecom/Technology', 'IT/Software Development'","['JavaScript', 'MySQL', 'HTML', 'Java', 'Full Stack Developement', 'jQuery', 'React', 'CSS', 'Angular']",Data scientist,"['JavaScript', 'MySQL', 'HTML', 'Java', 'Full Stack Developement', 'jQuery', 'React', 'CSS', 'Angular']"
Machine Learning Operations Engineer,Full Time,Tahaluf Al Emarat Technical Solutions,"Cairo, Egypt",'More than 3 years','Experienced (Non-Manager)',"""Bachelor's Degree""",'Confidential',"'Engineering - Telecom/Technology', 'IT/Software Development'","['C++', 'Computer Vision', 'Machine Learning', 'python', 'Design Patterns', 'TensorFlow']",Data scientist,"['C++', 'Computer Vision', 'Machine Learning', 'python', 'Design Patterns', 'TensorFlow']"
Computer Vision Engineer,Full Time,Atomica,"Cairo, Egypt",'1 to 10 years','Entry Level (Junior Level / Fresh Grad)',"""Bachelor's Degree""",'Confidential',"'Engineering - Telecom/Technology', 'IT/Software Development'","['Git', 'Cloud Computing', 'C++', 'Linear Algebra', 'GPU computing', 'Deep Learning Framework', 'TensorFlow', 'CUDA', 'Computational Geometry', 'Deep Learning', 'Computer Vision', 'Image Processing', 'PyTorch', 'Mathematics', 'python']",Data scientist,"['Git', 'Cloud Computing', 'C++', 'Linear Algebra', 'GPU computing', 'Deep Learning Framework', 'TensorFlow', 'CUDA', 'Computational Geometry', 'Deep Learning', 'Computer Vision', 'Image Processing', 'PyTorch', 'Mathematics', 'python']"
